{
  "project_info": {
    "project_number": "960096442927",
    "project_id": "hotelhub-b01d0",
    "storage_bucket": "hotelhub-b01d0.appspot.com"
  },
  "client": [
    {
      "client_info": {
        "mobilesdk_app_id": "1:960096442927:android:600c4c95009834c435c4da",
        "android_client_info": {
          "package_name": "com.mycompany.hotelhubbookingapp"
        }
      },
      "oauth_client": [
        {
          "client_id": "960096442927-85p0lr4g182b0rfasjd5jrdcqqd24pci.apps.googleusercontent.com",
          "client_type": 1,
          "android_info": {
            "package_name": "com.mycompany.hotelhubbookingapp",
            "certificate_hash": "9bbb3186b2189ef16d8f272bdab59362c395cbb4"
          }
        },
        {
          "client_id": "960096442927-ko663vvqm54l1018n847lhn5rrha4290.apps.googleusercontent.com",
          "client_type": 3
        }
      ],
      "api_key": [
        {
          "current_key": "AIzaSyB9HGCFJR4-JGQKV4tJrtfgdHETtVPxmyU"
        }
      ],
      "services": {
        "appinvite_service": {
          "other_platform_oauth_client": [
            {
              "client_id": "960096442927-ko663vvqm54l1018n847lhn5rrha4290.apps.googleusercontent.com",
              "client_type": 3
            },
            {
              "client_id": "960096442927-rrguuc9gl7ok36e1eioocvnu9upt2fuh.apps.googleusercontent.com",
              "client_type": 2,
              "ios_info": {
                "bundle_id": "com.mycompany.hotelhubbookingapp"
              }
            }
          ]
        }
      }
    }
  ],
  "configuration_version": "1"
}